<?xml version="1.0"?>
<Skin>
	<Properties>
		<Name data="Dark Blue" />
		<Author data="Icematoro" />
		<Version data="1.0" />
		<Date data="2020-01-29"/>
		<Desc data="A dark blue skin for EDOPro by Project Ignis."/>
		<Fallback skin="EGST_WINDOWS_CLASSIC" />
	</Properties>
  
	<Global guialpha="255">
		<EGDC_3D_DARK_SHADOW a="255" r="0" g="0" b="0" />		-->     	<!-- Dark shadow for three-dimensional display elements.  -->
		<EGDC_3D_SHADOW a="255" r="255" g="255" b="255" />			-->     	<!-- Shadow color for three-dimensional display elements (for edges facing away from the light source).   -->
		<EGDC_3D_FACE a="255" r="200" g="200" b="200" />			  				<!-- Face color for three-dimensional display elements and for dialog box backgrounds.   -->
		<!--<EGDC_3D_HIGH_LIGHT a="255" r="224" g="224" b="64" />		-->			<!-- Highlight color for three-dimensional display elements (for edges facing the light source.).   -->
		<!--<EGDC_3D_LIGHT a="255" r="224" g="224" b="160" />			-->			<!-- Light color for three-dimensional display elements (for edges facing the light source.). --> 
		<!--<EGDC_ACTIVE_BORDER a="255" r="255" g="0" b="0" />-->			 		<!-- Active window border.  --> 
		<EGDC_ACTIVE_CAPTION a="255" r="255" g="255" b="255" />		  					<!-- Active window title bar text --> 
		<EGDC_APP_WORKSPACE a="255" r="0" g="0" b="0" />-->				<!-- Background color of multiple document interface (MDI) applications. -->  
		<EGDC_BUTTON_TEXT a="255" r="255" g="255" b="255" />		 		<!-- Text on a button. --> 
		<EGDC_GRAY_TEXT a="255" r="180" g="180" b="180" />				<!-- Grayed (disabled) text. -->  
		<!--<EGDC_HIGH_LIGHT a="255" r="255" g="255" b="255" />			-->  		<!-- Item(s) selected in a control. -->  
		<EGDC_HIGH_LIGHT_TEXT a="255" r="255" g="255" b="255" />	  				<!-- Text of item(s) selected in a control. --> 
		<!--<EGDC_INACTIVE_BORDER a="255" r="224" g="224" b="64" />	-->  		<!-- Inactive window border. -->  
		<!--<EGDC_INACTIVE_CAPTION a="255" r="255" g="255" b="255" />	--> 		<!-- Inactive window caption. -->  
		<!--<EGDC_TOOLTIP a="255" r="224" g="224" b="64" />	-->					<!-- Tool tip text color. -->  
		<EGDC_TOOLTIP_BACKGROUND a="255" r="255" g="255" b="255" />			<!-- Tool tip background color. -->  
		<EGDC_SCROLLBAR a="255" r="20" g="40" b="95" />			-->			<!-- Scrollbar gray area. This ONLY applies to the default scrollbar, if you want to change the colors of the graphical one, change the color attributes in the section near the bottom -->  
		<EGDC_WINDOW a="255" r="255" g="255" b="255" />								<!-- Window background. -->  
		<EGDC_WINDOW_SYMBOL a="255" r="255" g="255" b="255" />		  					<!-- Window symbols like on close buttons, scroll bars and check boxes.  -->
		<!--<EGDC_ICON a="255" r="255" g="255" b="255" />				-->			<!-- Icons in a list or tree. -->  
		<!--<EGDC_ICON_HIGH_LIGHT a="255" r="255" g="255" b="255" />	-->			<!-- Selected icons in a list or tree. -->

		<Caption tbardistancex="2" tbardistancey="9" />
		<WindowButton width="24" />
		<CheckBoxColor a="255" r="255" g="255" b="255" />
	</Global>
  		<Custom>
  			<!--Your LP bar-->
			<LPBAR_1_BOTTOM_LEFT a="255" r="26" g="36" b="75" />
			<LPBAR_1_BOTTOM_RIGHT a="255" r="20" g="0" b="125" />
			<LPBAR_1_TOP_LEFT a="255" r="26" g="36" b="75" />
			<LPBAR_1_TOP_RIGHT a="255" r="20" g="0" b="125" />
			<!--Opponent's LP bar-->
			<LPBAR_2_BOTTOM_LEFT a="255" r="20" g="0" b="125" />
			<LPBAR_2_BOTTOM_RIGHT a="255" r="26" g="36" b="75" />
			<LPBAR_2_TOP_LEFT a="255" r="20" g="0" b="125" />
			<LPBAR_2_TOP_RIGHT a="255" r="26" g="36" b="75" />
            <DUELFIELD_TOOLTIP_TEXT_COLOR a="255" r="255" g="255" b="255" />
            <DUELFIELD_TOOLTIP_TEXT_BACKGROUND_COLOR a="200" r="0" g="0" b="0" />
            <DUELFIELD_CARD_SELF_WINDOW_BACKGROUND a="255" r="20" g="140" b="255" />
            <DUELFIELD_CARD_OPPONENT_WINDOW_BACKGROUND a="255" r="180" g="90" b="255" />
            <CARDINFO_IMAGE_BACKGROUND a="255" r="30" g="36" b="102" />
            <CARDINFO_TYPES_COLOR a="255" r="25" g="210" b="255" />
            <CARDINFO_STATS_COLOR a="255" r="80" g="250" b="50" />
            <CARDINFO_ARCHETYPE_TEXT_COLOR a="255" r="255" g="50" b="10" />
            <CARDINFO_PASSCODE_SCOPE_TEXT_COLOR a="255" r="242" g="255" b="0" />
            <DUELFIELD_CARD_SELECT_WINDOW_SET_TEXT a="255" r="25" g="210" b="255" />
        <!-- Changes the color for a room that has any of its settings changed from the default ones. Example: different LP, different starting hand, etc-->
		<ROOMLIST_CUSTOM_ROOM a="255" r="255" g="0" b="0" />
		<!-- Changes the color for a room, in the room list, that has already started its duel.-->
		<ROOMLIST_STARTED_ROOM a="255" r="250" g="250" b="250" />

	</Custom>
	<Button texture="button.png">
		<SrcBorder tlx="3" tly="3" brx="3" bry="3" />
		<DstBorder tlx="3" tly="3" brx="3" bry="3" />
		<Pressed texture="ButtonPressed.png">
			<SrcBorder tlx="3" tly="3" brx="3" bry="3" />
			<DstBorder tlx="3" tly="3" brx="3" bry="3" />
			<Color r="255" g="255" b="255" a="255" />
		</Pressed>
		<ButtonDisabled texture="ButtonDisabled.png">
			<SrcBorder tlx="3" tly="3" brx="3" bry="3" />
			<DstBorder tlx="3" tly="3" brx="3" bry="3" />
			<Color r="255" g="255" b="255" a="255" />
		</ButtonDisabled>
	</Button>

	<MenuBar texture="MenuBar.png">
		<SrcBorder tlx="3" tly="3" brx="3" bry="3" />
		<DstBorder tlx="3" tly="3" brx="3" bry="3" />
		<MenuPane texture="MenuPane.png">
			<SrcBorder tlx="3" tly="3" brx="3" bry="3" />
			<DstBorder tlx="3" tly="3" brx="3" bry="3" />
			<Color r="255" g="255" b="255" a="255" />
		</MenuPane>
		<MenuPressed texture="MenuPressed.png">
			<SrcBorder tlx="3" tly="3" brx="3" bry="3" />
			<DstBorder tlx="3" tly="3" brx="3" bry="3" />
			<Color r="255" g="255" b="255" a="255" />
		</MenuPressed>
	</MenuBar>

	<CheckBox texture="CheckBox.png">
		<SrcBorder tlx="1" tly="1" brx="1" bry="1" />
		<DstBorder tlx="1" tly="1" brx="1" bry="1" />
		<CheckBoxDisabled texture="CheckBoxDisabled.png">
			<SrcBorder tlx="1" tly="1" brx="1" bry="1" />
			<DstBorder tlx="1" tly="1" brx="1" bry="1" />
		</CheckBoxDisabled>
	</CheckBox>

	<ComboBox texture="sunkenpane.png">
		<SrcBorder tlx="1" tly="1" brx="1" bry="1" />
		<DstBorder tlx="1" tly="1" brx="1" bry="1" />
		<ComboBoxDisabled texture="CheckBoxDisabled.png">
			<SrcBorder tlx="1" tly="1" brx="1" bry="1" />
			<DstBorder tlx="1" tly="1" brx="1" bry="1" />
		</ComboBoxDisabled>
	</ComboBox>

	<SunkenPane texture="sunkenpane.png">
		<SrcBorder tlx="10" tly="10" brx="10" bry="10" />
		<DstBorder tlx="10" tly="10" brx="10" bry="10" />
		<Color a="226" r="0" g="0" b="0" />
	</SunkenPane>

	<TabControl texture="TabControl.png">
		<SrcBorder tlx="10" tly="10" brx="10" bry="10" />
		<DstBorder tlx="10" tly="10" brx="10" bry="10" />
		<TabButton texture="TabButton.png">
			<SrcBorder tlx="3" tly="3" brx="3" bry="3" />
			<DstBorder tlx="3" tly="3" brx="3" bry="3" />
		</TabButton>
		<TabButtonPressed texture="TabButtonPressed.png">
			<SrcBorder tlx="3" tly="3" brx="3" bry="3" />
			<DstBorder tlx="3" tly="3" brx="3" bry="3" />
		</TabButtonPressed>
		<!--<Color a="255" r="0" g="0" b="0" />-->
	</TabControl>
  
	<Window texture="windowbg.png">
		<Color a="255" r="255" g="255" b="255" />
		<SrcBorder tlx="25" tly="10" brx="10" bry="10" />
		<DstBorder tlx="25" tly="10" brx="10" bry="10" />
	</Window>
	
	<ProgressBar texture="gauge1.png">
		<SrcBorder tlx="16" tly="16" brx="16" bry="16" />
		<DstBorder tlx="16" tly="16" brx="16" bry="16" />
		<Color a="255" r="255" g="255" b="255"/>
		<Filled texture="gauge2.png">
			<SrcBorder tlx="16" tly="16" brx="16" bry="16" />
			<DstBorder tlx="16" tly="16" brx="16" bry="16" />
			<Color a="255" r="255" g="255" b="255" />
		</Filled>
  </ProgressBar>
</Skin>
