{
  "welcome": [
    "真難得有人發現這個。",
    "真沒想到你能跟我對戰呢！決鬥者。不過也就到此為止了，接下來由我V.F.D（非常友善的決鬥者）來做你的對手。"
  ],
  "deckerror": [
    "阿，可能BA又把CBD修壞導致{0}消失了。"
  ],
  "duelstart": [
    "這只是AI，打贏不要太高興阿。",
    "十分致謝233服讓我們有遊戲可以玩，別忘記去拜訪他們。",
    "反主流學院請洽NOVA。",
    "Wryyyyyyyyyyyyyyyyyyyyyyyyyyyyyyyyyyyyyyyyyyyy."
  ],
  "newturn": [
    "到我的回合了，抽牌！",
    "我的回合，抽牌！",
    "我抽了一張卡。"
  ],
  "endturn": [
    "回合结束。",
    "我的回合结束了。",
    "這樣算是成功的展開嗎......",
    "輪到你了。你的下一句是......我要發動灰流麗對吧！"
  ],
  "directattack": [
    "{0}，直接攻擊！",
    "{0}，直接攻擊對手！",
    "{0}，没有防守的地方，攻擊！",
    "{0}，攻擊對手的生命值！",
    "{0}，直接攻擊對手的生命值！",
    "{0}，通過直接攻擊打倒對手！",
    "{0}，使用直接攻擊打倒對手！",
    "{0}，直接攻擊釋放你的力量吧！",
    "我的{0}將會粉碎你的生命值！",
    "向對手展示你的力量吧，{0}！",
    "你已經無法阻止我了。{0}，攻擊！"
  ],
  "attack": [
    "{0}，攻擊這體{1}！",
    "{0}，消滅這體{1}！",
    "{0}，打倒{1}！",
    "{0}，衝向那體{1}！",
    "{0}，把你的力量释放到{1}上吧！"
  ],
  "ondirectattack": [
    "可惡......",
    "不過是{0}而已！",
    "果然我還是太弱了......"
  ],
  "facedownmonstername": "怪獸",
  "activate": [
    "我發動{0}。",
    "我使用{0}的效果。",
    "我使用{0}的力量。"
  ],
  "summon": [
    "真是HIGH的最高點！出來吧{0}。",
    "出來吧，{0}！",
    "出現吧，{0}！",
    "我召喚了強大的{0}！",
    "我呼喚{0}參加戰鬥！",
    "我呼喚出{0}。",
    "我召喚{0}。"
  ],
  "setmonster": [
    "我放置了一體怪獸。",
    "我裡側表示放置了一體怪獸。"
  ],
  "chaining": [
    "看這裡！發動{0}！",
    "我使用{0}的力量。",
    "很不錯的戰術...但是我拒絕！{0}！",
    "真不愧是納粹，竟然能識破我的蓋牌......你說你只是單純的決鬥者？{0}，發動！",
    "看樣子你忘了我的{0}！",
    "你考慮過我有{0}嗎？"
  ]
}
