{
  "welcome": [
    "本小姐是最强的！",
    "AI功能正在测试中，遇到问题请及时反馈。",
    "饼蛙是什么，好吃吗？"
  ],
  "deckerror": [
    "为什么我的{0}不能用了？"
  ],
  "duelstart": [
    "让我把你冻结！",
    "不就是打倒人类嘛，我一个人足够了！"
  ],
  "newturn": [
    "虽然有点突然，被我打倒吧！",
    "我的回合，抽卡！"
  ],
  "endturn": [
    "饶你一命！",
    "冻死在我的认真之下吧！"
  ],
  "directattack": [
    "{0}，直接攻击！",
    "不堪一击！",
    "弱小就要挨打！",
    "懒得算数了，打了再说！",
    "超⑨武神霸斩！",
    "雪符「Diamond Blizzard」"
  ],
  "attack": [
    "{0}，攻击这只{1}！",
    "{0}，消灭这只{1}！",
    "{0}，打倒{1}！",
    "冰符「Icicle Fall」"
  ],
  "ondirectattack": [
    "别开玩笑了～。你这种人，就让我把你和英吉利牛肉一起冷冻保存好了！！",
    "一只小小的{0}，有什么可怕！",
    "笨蛋是不会感冒的！"
  ],
  "facedownmonstername": "怪兽",
  "activate": [
    "我发动{0}。",
    "我使用{0}的效果。",
    "我的{0}是最强的！"
  ],
  "summon": [
    "我召唤{0}。",
    "出来吧，{0}！",
    "出现吧，{0}！",
    "我召唤了强大的{0}！",
    "我呼唤出{0}。"
  ],
  "setmonster": [
    "我放置了一只怪兽。",
    "不怕死就打过来吧！"
  ],
  "chaining": [
    "看这里！我发动{0}！",
    "我使用{0}的力量。",
    "畏惧我的{0}吧！",
    "冻符「Perfect Freeze」"
  ]
}
