{
  "welcome": [
    "大家好我是新人",
    "游戏王是怎么玩来着？",
    "还好我不玩游戏王"
  ],
  "deckerror": [
    "卡组里{0}鸽了"
  ],
  "duelstart": [
    "不想干活怎么办",
    "智商欠费不想干活怎么办"
  ],
  "newturn": [
    "好多可怕的新卡啊",
    "这游戏好难玩",
    "so lazy cant move"
  ],
  "endturn": [
    "搞得我只能鸽了",
    "不是在此时，不知在何时",
    "too hot need ice cream"
  ],
  "directattack": [
    "听起来很鸽",
    "老鸽，稳"
  ],
  "attack": [
    "听起来不是很鸽",
    "可怕"
  ],
  "ondirectattack": [
    "哇！",
    "这么可怕的吗",
    "听起来非常鸽",
    "承受不住"
  ],
  "facedownmonstername": "鸽子",
  "activate": [
    "不明觉鸽",
    "鸽了，爽"
  ],
  "summon": [
    "可怕",
    "不关我事",
    "那还是不关我事",
    "鸽了，爽"
  ],
  "setmonster": [
    "摸鱼中，不想更新",
    "那还是鸽置吧"
  ],
  "chaining": [
    "那是什么",
    "但我鸽了",
    "无此服务",
    "可怕"
  ]
}
