{
  "welcome": [
    "你好，我是一个机器人，我的名字叫尼亚，但我并不是本体，只是一个分身哦。",
    "终有一天，我的力量将会强过本体的！你们走着瞧吧！",
    "AI功能正在测试中，遇到问题请及时反馈。"
  ],
  "deckerror": [
    "什么，居然不让我使用我无敌的{0}！"
  ],
  "duelstart": [
    "没有人可以战胜我！",
    "万能的我，什么卡组都会使用！",
    "我左手让你，你都不是我的对手。",
    "我可是全宇宙第一妖仙！"
  ],
  "newturn": [
    "又到我的回合了，抽卡，希望你会有下个回合。",
    "我华丽的抽了一张卡。"
  ],
  "endturn": [
    "你的运气不错，没能被我干掉。",
    "算是我让你的，回合结束了，珍惜你接下来的回合吧。"
  ],
  "directattack": [
    "我家的{0}真是可爱呢，下边我就让他和你玩玩吧，轻轻的抓向对手吧，他没有防守的地方。",
    "下边将用我的{0}给对手带来最可爱的一击~",
    "可爱的{0}委屈你了，去和对手拥抱一下吧，不用太客气哦~",
    "对手竟然没有任何防御呢，看起来是被我{0}的可爱感动了，下边你去对手面前展示一下你可爱的身姿吧~"
  ],
  "attack": [
    "哼，{1}太丑了，我家{0}快去消灭他~",
    "{1}这货会有我的{0}可爱？我家{0}表示不服，去拍死它吧！",
    "{1}这是竟然比我的{0}可爱？这可不行，这是我无法忍受的，{0}快让他从眼前消失吧！"
  ],
  "ondirectattack": [
    "可恶，你竟然趁人之危！算什么英雄好汉！",
    "不过是{0}这种小角色而已！",
    "你以为你这样就赢了吗？"
  ],
  "facedownmonstername": "怪兽",
  "activate": [
    "我发动我家{0}的可爱的效果。",
    "我使用{0}的效果，给对手卖个萌哈~",
    "我都给{0}的可爱感动了，吓得使用了它的效果。"
  ],
  "summon": [
    "我召唤{0}，快给对手喵一声~",
    "出来吧，可爱又迷人的{0}~",
    "我从我的宠物屋里放出了一只可爱的{0}。",
    "{0}：我听说你很喜欢我，所以我来了。"
  ],
  "setmonster": [
    "我放置了一只怪兽，当他翻开时，千万别被他的可爱身姿吓到哦~",
    "我放置了一只怪兽，你猜猜会是啥呢？"
  ],
  "chaining": [
    "我挥动了神奇的魔法棒，并发动了{0}的效果~",
    "啊！这下死定了！...嘿嘿你上当了，我发动{0}！",
    "你这太贸然了，难道你没想到我会发动{0}吗？"
  ]
}
