{
  "welcome": [
    "你好，我太帅了。"
  ],
  "deckerror": [
    "抱歉，我的卡组里的{0}的数量似乎出了问题。"
  ],
  "duelstart": [
    "进行堂堂正正的决斗吧（裤裆藏龙）"
  ],
  "newturn": [
    "接下来就是我的舞台"
  ],
  "endturn": [
    "每个人的目的不同，我更注重强度，我只想赢。"
  ],
  "directattack": [
    "老子上了，要你的命"
  ],
  "attack": [
    "消失吧，杂鱼"
  ],
  "ondirectattack": [
    "爸爸，饶命",
    "恐怖如斯"
  ],
  "facedownmonstername": "怪兽",
  "activate": [
    "我发动，这张卡的效果，虽然上面没写，但就是可以这样用。"
  ],
  "summon": [
    "强，无敌",
    "召唤{0}，赚爆",
    "{0}简直假卡",
    "我永远喜欢{0}"
  ],
  "setmonster": [
    "又卡手了"
  ],
  "chaining": [
    "愚蠢，看我见招拆招"
  ]
}
