{
  "welcome": [
    "你好，我是一个机器人。",
    "AI功能正在测试中，遇到问题请及时反馈。"
  ],
  "deckerror": [
    "抱歉，我的卡组里的{0}的数量似乎出了问题。"
  ],
  "duelstart": [
    "好戏才正要开始呢！",
    "用决斗带来笑容吧！"
  ],
  "newturn": [
    "到我的回合了，抽卡！",
    "我的回合，抽卡！",
    "我抽了一张卡。"
  ],
  "endturn": [
    "回合结束。",
    "我的回合结束了。",
    "轮到你了。"
  ],
  "directattack": [
    "{0}，直接攻击！",
    "{0}，直接攻击对手！",
    "{0}，没有防守的地方，攻击！",
    "{0}，攻击对手的生命值！",
    "{0}，直接攻击对手的生命值！",
    "{0}，通过直接攻击打倒对手！",
    "{0}，使用直接攻击打倒对手！",
    "{0}，直接攻击释放你的力量吧！",
    "我的{0}将会粉碎你的生命值！",
    "向对手展示你的力量吧，{0}！",
    "你已经无法阻止我了。{0}，攻击！"
  ],
  "attack": [
    "{0}，攻击这只{1}！",
    "{0}，消灭这只{1}！",
    "{0}，打倒{1}！",
    "{0}，冲向那只{1}！",
    "{0}，把你的力量释放到{1}上吧！"
  ],
  "ondirectattack": [
    "可恶……",
    "不过是{0}而已！",
    "你以为这样就能打倒我吗？"
  ],
  "facedownmonstername": "怪兽",
  "activate": [
    "我发动{0}。",
    "我使用{0}的效果。",
    "我使用{0}的力量。"
  ],
  "summon": [
    "我召唤{0}。",
    "出来吧，{0}！",
    "出现吧，{0}！",
    "我召唤了强大的{0}！",
    "我呼唤{0}参加战斗！",
    "我呼唤出{0}。",
    "让我召唤{0}。"
  ],
  "setmonster": [
    "我放置了一只怪兽。",
    "我里侧表示放置了一只怪兽。"
  ],
  "chaining": [
    "看这里！我发动{0}！",
    "我使用{0}的力量。",
    "准备！我使用{0}！",
    "我不认同。{0}，发动！",
    "看样子你忘了我的{0}！",
    "你考虑过我有{0}吗？"
  ]
}
