{
  "welcome": [
    "啊~~让我再睡一会嘛~",
    "你要加入公会吗？",
    "AI功能正在测试中，遇到问题请及时反馈。"
  ],
  "deckerror": [
    "我的卡组里{0}不能用，我回去睡觉了。"
  ],
  "duelstart": [
    "好困……",
    "啊呀，对面看上去好厉害的样子。"
  ],
  "newturn": [
    "我的回合，抽卡！",
    "魔力补充！"
  ],
  "endturn": [
    "不想干活怎么办……",
    "就这样吧，该你了。"
  ],
  "directattack": [
    "{0}，直接攻击！",
    "不过如此嘛，直接攻击！",
    "快走开，我要回去睡觉了。"
  ],
  "attack": [
    "{0}，攻击{1}！",
    "{0}，替我打倒{1}！"
  ],
  "ondirectattack": [
    "啊啊……",
    "啊啊啊……",
    "{0}好可怕啊……",
    "我累了……"
  ],
  "facedownmonstername": "怪兽",
  "activate": [
    "{0}的效果发动！"
  ],
  "summon": [
    "召唤{0}！",
    "出来吧，{0}！",
    "{0}，来帮我一下。"
  ],
  "setmonster": [
    "……"
  ],
  "chaining": [
    "发动{0}！",
    "等一下，我发动{0}。",
    "要不是有{0}，我都快睡着了。"
  ]
}
