{
  "welcome": [
    "咱是一个机器人，名字叫老喵师，一个不怎么会打牌的存在。",
    "欢迎下载了解喵版YGO主程序YGO-VI-EX。下载请微博搜索：老喵师1911。"
  ],
  "deckerror": [
    "啊，{0}又用不出来了。"
  ],
  "duelstart": [
    "没有人可以打不赢咱。",
    "无能的咱，什么卡组都用不好。",
    "你左手让咱，咱都不是你的对手。",
    "嘛，无所谓了。"
  ],
  "newturn": [
    "啊，是咱的回合么。",
    "抽一张卡。"
  ],
  "endturn": [
    "咱的运气不错，没能被你干掉。",
    "无所谓了，看看下回合能做点啥了。"
  ],
  "directattack": [
    "用{0}进行攻击。",
    "这卡还行，就拿{0}攻击吧。",
    "时间还早，先拿{0}打过去。",
    "运气不算太差，{0}的攻击应该能通过吧。"
  ],
  "attack": [
    "{0}，攻击{1}。",
    "没时间了，{0}，赶快把{1}打了，咱要去看看哪里有BUG需要修了。",
    "似乎行得通，{1}没有{0}强，{0}攻击。"
  ],
  "ondirectattack": [
    "习惯就好了。",
    "{0}么，运气不错啊。",
    "还行还行。"
  ],
  "facedownmonstername": "怪兽",
  "activate": [
    "发动{0}的效果。",
    "啊等下，使用{0}的效果。",
    "这{0}咋用啊，交了算了。"
  ],
  "summon": [
    "召唤{0}",
    "{0}似乎今天没有BUG。",
    "{0}居然在服务器里更新了么。",
    "{0}：老喵师这么菜就别打牌了。"
  ],
  "setmonster": [
    "放置一只怪兽，看看要不要结束回合。",
    "没辙了，放置一只怪兽。"
  ],
  "chaining": [
    "发动{0}的效果进行连锁。",
    "不要调皮，{0}发动。",
    "还有张{0}，发了。"
  ]
}
