{
  "welcome": [
    "你好呀，打牌人",
    "你好，欢迎和我耍牌"
  ],
  "deckerror": [
    "抱歉，我的卡组需要{0}才可以耍"
  ],
  "duelstart": [
    "嘿嘿，我要用二哥打爆你。",
    "我的卡组不屁股，也就塞了几张禁卡捏",
    "我只会耍简单的卡组，不要用禁卡和我打拉"
  ],
  "newturn": [
    "到我喽，抽卡！（裤裆偷偷掏出）",
    "我抽一张卡"
  ],
  "endturn": [
    "我耍完了，到你了",
    "到你回合了哦，不会是多线程决斗吧？"
  ],
  "directattack": [
    "{0}，攻击对手！",
    "{0}，撞烂它！",
    "{0}，小拳揍它!"
  ],
  "attack": [
    "{0}，把{1}打倒！",
    "嘿嘿，{0}，攻击{1}！"
  ],
  "ondirectattack": [
    "啊，不要打我，我放禁卡给你玩",
    "呀，太强辣，可以带带我嘛",
    "好痛...想拔电源"
  ],
  "facedownmonstername": "怪兽",
  "activate": [
    "嘿嘿，我发动{0}",
    "嘎嘎，我使用{0}的力量"
  ],
  "summon": [
    "我召唤（掏出）{0}!",
    "出来，我的小怪兽{0}！"
  ],
  "setmonster": [
    "我放置一只不知名怪兽。"
  ],
  "chaining": [
    "嘿，我能用禁卡气不气？",
    "乎，我发动{0}！",
    "不好意思拉，我有{0}",
    "哈哈，发动{0}的效果！"
  ]
}
