<?xml version="1.0"?>
<Skin>
	<Properties>
		<Name data="Grey" />
		<Author data="NaimSantos" />
		<Version data="0.1.1" />
		<Date data="2020-05-06"/>
		<Desc data="A grey skin with black borders for EDOPro by Project Ignis."/>
	</Properties>
	<Global guialpha="255">
		<EGDC_3D_DARK_SHADOW a="255" r="255" g="255" b="255" />
		<EGDC_3D_SHADOW a="255" r="255" g="255" b="255" />
		<EGDC_3D_FACE a="255" r="255" g="255" b="255" />
		<EGDC_3D_HIGH_LIGHT a="255" r="218" g="212" b="250" />
		<EGDC_3D_LIGHT a="255" r="255" g="255" b="255" />
		<EGDC_ACTIVE_BORDER a="255" r="200" g="200" b="200" />
		<EGDC_ACTIVE_CAPTION a="255" r="35" g="45" b="95" />
		<EGDC_APP_WORKSPACE a="255" r="255" g="255" b="255" />
		<EGDC_BUTTON_TEXT a="240" r="0" g="0" b="0" />
		<EGDC_EDITABLE a="255" r="195" g="195" b="195" />
		<EGDC_FOCUSED_EDITABLE a="255" r="170" g="170" b="170" />
		<EGDC_GRAY_EDITABLE a="255" r="51" g="51" b="51" />
		<EGDC_GRAY_TEXT a="255" r="60" g="60" b="60" />
		<EGDC_GRAY_WINDOW_SYMBOL a="255" r="10" g="10" b="10" />
		<EGDC_HIGH_LIGHT a="255" r="153" g="153" b="153" />
		<EGDC_HIGH_LIGHT_TEXT a="255" r="20" g="20" b="20" />
		<EGDC_ICON a="255" r="255" g="0" b="0" />
		<EGDC_ICON_HIGH_LIGHT a="255" r="70" g="190" b="240" />
		<EGDC_INACTIVE_BORDER a="255" r="0" g="255" b="0" />
		<EGDC_INACTIVE_CAPTION a="255" r="26" g="0" b="0" />
		<EGDC_SCROLLBAR a="255" r="153" g="153" b="153" />
		<EGDC_TOOLTIP a="255" r="255" g="40" b="40" />
		<EGDC_TOOLTIP_BACKGROUND a="150" r="70" g="190" b="240" />
		<EGDC_WINDOW a="255" r="0" g="255" b="0" />
		<EGDC_WINDOW_SYMBOL a="255" r="0" g="0" b="0" />
	</Global>
	<Custom>
		<CARDINFO_ARCHETYPE_TEXT_COLOR a="255" r="0" g="0" b="204" />
		<CARDINFO_IMAGE_BACKGROUND a="255" r="245" g="245" b="245" />
		<CARDINFO_PASSCODE_SCOPE_TEXT_COLOR a="255" r="0" g="0" b="204" />
		<CARDINFO_STATS_COLOR a="255" r="0" g="0" b="204" />
		<CARDINFO_TYPES_COLOR a="255" r="0" g="0" b="204" />
		<DECK_WINDOW_EXTRA_INFO_TOP_LEFT a="0" r="200" g="200" b="200" />
		<DECK_WINDOW_EXTRA_INFO_TOP_RIGHT a="0" r="200" g="200" b="200" />
		<DECK_WINDOW_EXTRA_INFO_BOTTOM_LEFT a="0" r="200" g="200" b="200" />
		<DECK_WINDOW_EXTRA_INFO_BOTTOM_RIGHT a="0" r="200" g="200" b="200" />
		<DECK_WINDOW_EXTRA_TOP_LEFT a="0" r="200" g="200" b="200" />
		<DECK_WINDOW_EXTRA_TOP_RIGHT a="0" r="200" g="200" b="200" />
		<DECK_WINDOW_EXTRA_BOTTOM_LEFT a="0" r="200" g="200" b="200" />
		<DECK_WINDOW_EXTRA_BOTTOM_RIGHT a="0" r="200" g="200" b="200" />
		<DECK_WINDOW_MAIN_INFO_TOP_LEFT a="0" r="200" g="200" b="200" />
		<DECK_WINDOW_MAIN_INFO_TOP_RIGHT a="0" r="200" g="200" b="200" />
		<DECK_WINDOW_MAIN_INFO_BOTTOM_LEFT a="0" r="0" g="0" b="255" />
		<DECK_WINDOW_MAIN_INFO_BOTTOM_RIGHT a="0" r="200" g="200" b="200" />
		<DECK_WINDOW_MAIN_TOP_LEFT a="0" r="200" g="200" b="200" />
		<DECK_WINDOW_MAIN_TOP_RIGHT a="0" r="200" g="200" b="200" />
		<DECK_WINDOW_MAIN_BOTTOM_LEFT a="0" r="200" g="200" b="200" />
		<DECK_WINDOW_MAIN_BOTTOM_RIGHT a="0" r="200" g="200" b="200" />
		<DECK_WINDOW_SEARCH_RESULT_INFO_TOP_LEFT a="0" r="200" g="200" b="200" />
		<DECK_WINDOW_SEARCH_RESULT_INFO_TOP_RIGHT a="0" r="200" g="200" b="200" />
		<DECK_WINDOW_SEARCH_RESULT_INFO_BOTTOM_LEFT a="0" r="200" g="200" b="200" />
		<DECK_WINDOW_SEARCH_RESULT_INFO_BOTTOM_RIGHT a="0" r="200" g="200" b="200" />
		<DECK_WINDOW_SEARCH_RESULT_TOP_LEFT a="0" r="200" g="200" b="200" />
		<DECK_WINDOW_SEARCH_RESULT_TOP_RIGHT a="0" r="200" g="200" b="200" />
		<DECK_WINDOW_SEARCH_RESULT_BOTTOM_LEFT a="0" r="200" g="200" b="200" />
		<DECK_WINDOW_SEARCH_RESULT_BOTTOM_RIGHT a="0" r="200" g="200" b="200" />
		<DECK_WINDOW_SIDE_INFO_TOP_LEFT a="0" r="200" g="200" b="200" />
		<DECK_WINDOW_SIDE_INFO_TOP_RIGHT a="0" r="200" g="200" b="200" />
		<DECK_WINDOW_SIDE_INFO_BOTTOM_LEFT a="0" r="200" g="200" b="200" />
		<DECK_WINDOW_SIDE_INFO_BOTTOM_RIGHT a="0" r="200" g="200" b="200" />
		<DECK_WINDOW_SIDE_TOP_LEFT a="0" r="200" g="200" b="200" />
		<DECK_WINDOW_SIDE_TOP_RIGHT a="0" r="200" g="200" b="200" />
		<DECK_WINDOW_SIDE_BOTTOM_LEFT a="0" r="200" g="200" b="200" />
		<DECK_WINDOW_SIDE_BOTTOM_RIGHT a="0" r="200" g="200" b="200" />
		<DUELFIELD_ANNOUNCE_TEXT_BACKGROUND_COLOR a="255" r="200" g="200" b="200" />
		<DUELFIELD_ANNOUNCE_TEXT_COLOR a="255" r="30" g="30" b="30" />
		<DUELFIELD_CARD_SELF_WINDOW_BACKGROUND a="255" r="255" g="255" b="255" />
		<DUELFIELD_CARD_OPPONENT_WINDOW_BACKGROUND a="255" r="200" g="200" b="200" />
		<DUELFIELD_CARD_SELECTED_WINDOW_BACKGROUND a="255" r="120" g="120" b="120" />
		<DUELFIELD_CARD_SELECT_WINDOW_OVERLAY_TEXT a="255" r="0" g="0" b="255" />
		<DUELFIELD_CARD_SELECT_WINDOW_SET_TEXT a="255" r="0" g="0" b="204" />
		<DUELFIELD_CARD_LEVEL a="255" r="230" g="230" b="230" />
		<DUELFIELD_CARD_LINK a="255" r="0" g="230" b="230" />
		<DUELFIELD_CARD_PSCALE a="255" r="230" g="230" b="230" />
		<DUELFIELD_CARD_RANK a="255" r="255" g="255" b="255" />
		<DUELFIELD_CARD_TUNER_LEVEL a="255" r="230" g="230" b="0" />
		<DUELFIELD_DISABLED_FIELD_COLOR a="255" r="230" g="230" b="230" />
		<DUELFIELD_HIGHER_CARD_ATK a="255" r="230" g="230" b="0" />
		<DUELFIELD_HIGHER_CARD_DEF a="255" r="230" g="230" b="0" />
		<DUELFIELD_HIGHLIGHTING_CARD_OUTLINE a="255" r="240" g="240" b="240" />
		<DUELFIELD_HOVERED a="255" r="230" g="230" b="230" />
		<DUELFIELD_LINKED a="255" r="230" g="230" b="230" />
		<DUELFIELD_LOWER_CARD_ATK a="255" r="166" g="166" b="166" />
		<DUELFIELD_LOWER_CARD_DEF a="255" r="166" g="166" b="166" />
		<DUELFIELD_LP_1 a="255" r="255" g="255" b="255" />
		<DUELFIELD_LP_2 a="255" r="255" g="255" b="255" />
		<DUELFIELD_MUTUAL_LINKED a="255" r="30" g="255" b="30" />
		<DUELFIELD_STACK a="255" r="255" g="255" b="255" />
		<DUELFIELD_SELECTABLE_FIELD_OUTLINE a="255" r="255" g="255" b="255" />
		<DUELFIELD_SELECTABLE_CARD_OUTLINE a="255" r="255" g="255" b="255" />
		<DUELFIELD_TOOLTIP_TEXT_BACKGROUND_COLOR a="210" r="240" g="240" b="240" />
		<DUELFIELD_TOOLTIP_TEXT_COLOR a="255" r="30" g="30" b="30" />
		<DUELFIELD_TURN_COUNT a="255" r="240" g="240" b="240" />
		<DUELFIELD_TURNPLAYER_COLOR a="0" r="255" g="255" b="255" />
		<DUELFIELD_TURNPLAYER_OUTLINE_COLOR a="255" r="0" g="0" b="0" />
		<DUELFIELD_UNCHANGED_CARD_ATK a="255" r="255" g="255" b="255" />
		<DUELFIELD_UNCHANGED_CARD_DEF a="255" r="255" g="255" b="255" />
		<FPS_TEXT_COLOR a="255" r="245" g="245" b="245" />
		<LPBAR_1_TOP_LEFT a="0" r="255" g="255" b="255" />
		<LPBAR_1_TOP_RIGHT a="255" r="255" g="255" b="255" />
		<LPBAR_1_BOTTOM_LEFT a="0" r="255" g="255" b="255" />
		<LPBAR_1_BOTTOM_RIGHT a="255" r="255" g="255" b="255" />
		<LPBAR_2_TOP_LEFT a="255" r="255" g="255" b="255" />
		<LPBAR_2_TOP_RIGHT a="0" r="255" g="255" b="255" />
		<LPBAR_2_BOTTOM_LEFT a="255" r="255" g="255" b="255" />
		<LPBAR_2_BOTTOM_RIGHT a="0" r="255" g="255" b="255" />
		<PROGRESSBAR_FILL_COLOR  a="255" r="179" g="179" b="179" />
		<PROGRESSBAR_EMPTY_COLOR  a="255" r="242" g="242" b="242" />
		<ROOMLIST_TEXTS_COLOR a="255" r="255" g="255" b="255" />
		<ROOMLIST_NORMAL_ROOM a="0" r="128" g="128" b="128" />
		<ROOMLIST_CUSTOM_ROOM a="120" r="128" g="128" b="128" />
		<ROOMLIST_STARTED_ROOM a="100" r="153" g="0" b="0" />
		<TIMEBAR_1_BOTTOM_LEFT a="255" r="20" g="20" b="20" />
		<TIMEBAR_1_BOTTOM_RIGHT a="255" r="255" g="255" b="255" />
		<TIMEBAR_1_TOP_LEFT a="255" r="20" g="20" b="20" />
		<TIMEBAR_1_TOP_RIGHT a="255" r="255" g="255" b="255" />
		<TIMEBAR_1_OUTLINE a="255" r="20" g="20" b="20" />
		<TIMEBAR_2_BOTTOM_RIGHT a="255" r="20" g="20" b="20" />
		<TIMEBAR_2_BOTTOM_LEFT a="255" r="255" g="255" b="255" />
		<TIMEBAR_2_TOP_RIGHT a="255" r="20" g="20" b="20" />
		<TIMEBAR_2_TOP_LEFT a="255" r="255" g="255" b="255" />
		<TIMEBAR_2_OUTLINE a="255" r="20" g="20" b="20" />
	</Custom>
	<Button texture="button.png">
		<SrcBorder tlx="3" tly="3" brx="3" bry="3" />
		<DstBorder tlx="3" tly="3" brx="3" bry="3" />
		<Color a="255" r="255" g="255" b="255" />
		<Pressed texture="ButtonPressed.png">
			<SrcBorder tlx="3" tly="3" brx="3" bry="3" />
			<DstBorder tlx="3" tly="3" brx="3" bry="3" />
			<Color a="255" r="255" g="255" b="255" />
		</Pressed>
		<ButtonDisabled texture="ButtonDisabled.png">
			<SrcBorder tlx="3" tly="3" brx="3" bry="3" />
			<DstBorder tlx="3" tly="3" brx="3" bry="3" />
			<Color a="255" r="255" g="255" b="255" />
		</ButtonDisabled>
	</Button>
	<MenuBar texture="MenuBar.png">
		<SrcBorder tlx="3" tly="3" brx="3" bry="3" />
		<DstBorder tlx="3" tly="3" brx="3" bry="3" />
		<Color a="255" r="255" g="255" b="255" />
		<MenuPane texture="MenuPane.png">
			<SrcBorder tlx="3" tly="3" brx="3" bry="3" />
			<DstBorder tlx="3" tly="3" brx="3" bry="3" />
			<Color a="255" r="255" g="255" b="255" />
		</MenuPane>
		<MenuPressed texture="MenuPressed.png">
			<SrcBorder tlx="3" tly="3" brx="3" bry="3" />
			<DstBorder tlx="3" tly="3" brx="3" bry="3" />
			<Color a="255" r="255" g="255" b="255" />
		</MenuPressed>
	</MenuBar>
	<CheckBox texture="CheckBox.png">		
		<SrcBorder tlx="1" tly="1" brx="1" bry="1" />
		<DstBorder tlx="1" tly="1" brx="1" bry="1" />
		<Color a="255" r="255" g="255" b="255" />
		<CheckBoxDisabled texture="CheckBoxDisabled.png">
			<SrcBorder tlx="1" tly="1" brx="1" bry="1" />
			<DstBorder tlx="1" tly="1" brx="1" bry="1" />
			<Color a="255" r="255" g="255" b="255" />
		</CheckBoxDisabled>
	</CheckBox>
	<ComboBox texture="ComboBox.png">
		<SrcBorder tlx="1" tly="1" brx="1" bry="1" />
		<DstBorder tlx="1" tly="1" brx="1" bry="1" />
		<Color a="255" r="255" g="255" b="255" />
		<ComboBoxDisabled texture="ComboBoxDisabled.png">
			<SrcBorder tlx="1" tly="1" brx="1" bry="1" />
			<DstBorder tlx="1" tly="1" brx="1" bry="1" />
			<Color a="255" r="255" g="255" b="255" />
		</ComboBoxDisabled>
	</ComboBox>
	<SunkenPane texture="sunkenpane.png">
		<SrcBorder tlx="10" tly="10" brx="10" bry="10" />
		<DstBorder tlx="10" tly="10" brx="10" bry="10" />
		<Color a="10" r="255" g="255" b="255" />
	</SunkenPane>
	<TabControl texture="TabControl.png">
		<SrcBorder tlx="10" tly="10" brx="10" bry="10" />
		<DstBorder tlx="10" tly="10" brx="10" bry="10" />
		<Color a="255" r="255" g="255" b="255" />
		<TabButton texture="TabButton.png">
			<SrcBorder tlx="3" tly="3" brx="3" bry="3" />
			<DstBorder tlx="3" tly="3" brx="3" bry="3" />
			<Color a="255" r="255" g="255" b="255" />
		</TabButton>
		<TabButtonPressed texture="TabButtonPressed.png">
			<SrcBorder tlx="10" tly="10" brx="10" bry="10" />
			<DstBorder tlx="10" tly="10" brx="10" bry="10" />
			<Color a="255" r="255" g="255" b="255" />
		</TabButtonPressed>
	</TabControl>
	<Window texture="windowbg.png">
		<SrcBorder tlx="25" tly="5" brx="5" bry="1" />
		<DstBorder tlx="25" tly="5" brx="5" bry="1" />
		<Color a="255" r="255" g="255" b="255" />
	</Window>
	<ProgressBar texture="gauge1.png">
		<SrcBorder tlx="16" tly="16" brx="16" bry="16" />
		<DstBorder tlx="16" tly="16" brx="16" bry="16" />
		<Color a="255" r="255" g="255" b="255" />
		<Filled texture="gauge2.png">
			<SrcBorder tlx="16" tly="16" brx="16" bry="16" />
			<DstBorder tlx="16" tly="16" brx="16" bry="16" />
			<Color a="255" r="255" g="255" b="255" />
		</Filled>
	</ProgressBar>
</Skin>
