<?xml version="1.0"?>
<Skin>
	<Properties>
		<Name data="Translucent" />
		<Author data="NaimSantos" />
		<Version data="0.1" />
		<Date data="2020-01-28"/>
		<Desc data="A translucent skin for EDOPro by Project Ignis."/>
	</Properties>
	<Custom>
		<DUELFIELD_TOOLTIP_TEXT_COLOR a="255" r="255" g="255" b="255" />
		<DUELFIELD_TOOLTIP_TEXT_BACKGROUND_COLOR a="0" r="255" g="255" b="255" />
		<CARDINFO_TYPES_COLOR a="255" r="255" g="255" b="255" />
		<CARDINFO_STATS_COLOR a="255" r="255" g="255" b="255" />
		<CARDINFO_ARCHETYPE_TEXT_COLOR a="255" r="255" g="0" b="0" />
		<CARDINFO_PASSCODE_SCOPE_TEXT_COLOR a="255" r="255" g="0" b="0" />
		<CARDINFO_IMAGE_BACKGROUND a="0" r="255" g="255" b="255" />
		<ROOMLIST_TEXTS_COLOR a="255" r="255" g="255" b="255" />
		<DECK_WINDOW_EXTRA_BOTTOM_LEFT a="0" r="255" g="255" b="255" />
		<DECK_WINDOW_EXTRA_BOTTOM_RIGHT  a="0" r="255" g="255" b="255" />
		<DECK_WINDOW_EXTRA_INFO_BOTTOM_LEFT a="0" r="255" g="255" b="255" />
		<DECK_WINDOW_EXTRA_INFO_BOTTOM_RIGHT  a="0" r="255" g="255" b="255" />
		<DECK_WINDOW_EXTRA_INFO_TOP_LEFT a="0" r="255" g="255" b="255" />
		<DECK_WINDOW_EXTRA_INFO_TOP_RIGHT  a="0" r="255" g="255" b="255" />
		<DECK_WINDOW_EXTRA_TOP_LEFT a="0" r="255" g="255" b="255" />
		<DECK_WINDOW_EXTRA_TOP_RIGHT  a="0" r="255" g="255" b="255" />
		<DECK_WINDOW_HOVERED_CARD_RESULT a="80" r="255" g="255" b="255" />
		<DECK_WINDOW_MAIN_BOTTOM_LEFT a="0" r="255" g="255" b="255" />
		<DECK_WINDOW_MAIN_BOTTOM_RIGHT  a="0" r="255" g="255" b="255" />
		<DECK_WINDOW_MAIN_INFO_BOTTOM_LEFT a="0" r="255" g="255" b="255" />
		<DECK_WINDOW_MAIN_INFO_BOTTOM_RIGHT  a="0" r="255" g="255" b="255" />
		<DECK_WINDOW_MAIN_INFO_TOP_LEFT a="0" r="255" g="255" b="255" />
		<DECK_WINDOW_MAIN_INFO_TOP_RIGHT  a="0" r="255" g="255" b="255" />
		<DECK_WINDOW_MAIN_TOP_LEFT a="0" r="255" g="255" b="255" />
		<DECK_WINDOW_MAIN_TOP_RIGHT  a="0" r="255" g="255" b="255" />
		<DECK_WINDOW_SEARCH_RESULT_BOTTOM_LEFT a="0" r="255" g="255" b="255" />
		<DECK_WINDOW_SEARCH_RESULT_BOTTOM_RIGHT  a="0" r="255" g="255" b="255" />
		<DECK_WINDOW_SEARCH_RESULT_INFO_BOTTOM_LEFT a="0" r="255" g="255" b="255" />
		<DECK_WINDOW_SEARCH_RESULT_INFO_BOTTOM_RIGHT  a="0" r="255" g="255" b="255" />
		<DECK_WINDOW_SEARCH_RESULT_INFO_TOP_LEFT a="0" r="255" g="255" b="255" />
		<DECK_WINDOW_SEARCH_RESULT_INFO_TOP_RIGHT  a="0" r="255" g="255" b="255" />
		<DECK_WINDOW_SEARCH_RESULT_TOP_LEFT a="0" r="255" g="255" b="255" />
		<DECK_WINDOW_SEARCH_RESULT_TOP_RIGHT  a="0" r="255" g="255" b="255" />
		<DECK_WINDOW_SIDE_BOTTOM_LEFT a="0" r="255" g="255" b="255" />
		<DECK_WINDOW_SIDE_BOTTOM_RIGHT  a="0" r="255" g="255" b="255" />
		<DECK_WINDOW_SIDE_INFO_BOTTOM_LEFT a="0" r="255" g="255" b="255" />
		<DECK_WINDOW_SIDE_INFO_BOTTOM_RIGHT  a="0" r="255" g="255" b="255" />
		<DECK_WINDOW_SIDE_INFO_TOP_LEFT a="0" r="255" g="255" b="255" />
		<DECK_WINDOW_SIDE_INFO_TOP_RIGHT  a="0" r="255" g="255" b="255" />
		<DECK_WINDOW_SIDE_TOP_LEFT a="0" r="255" g="255" b="255" />
		<DECK_WINDOW_SIDE_TOP_RIGHT  a="0" r="255" g="255" b="255" />
		<LPBAR_1_TOP_LEFT a="150" r="255" g="255" b="255" />
		<LPBAR_1_TOP_RIGHT a="255" r="0" g="0" b="255" />
		<LPBAR_1_BOTTOM_LEFT a="150" r="255" g="255" b="255" />
		<LPBAR_1_BOTTOM_RIGHT a="255" r="0" g="0" b="255" />
		<LPBAR_2_TOP_LEFT a="255" r="0" g="0" b="255" />
		<LPBAR_2_TOP_RIGHT a="150" r="255" g="255" b="255" />
		<LPBAR_2_BOTTOM_LEFT a="255" r="0" g="0" b="255" />
		<LPBAR_2_BOTTOM_RIGHT a="150" r="255" g="255" b="255" />
	</Custom>
	<Global guialpha="224">
		<EGDC_3D_DARK_SHADOW a="0" r="255" g="255" b="255" />
		<EGDC_3D_SHADOW a="0" r="255" g="255" b="255" />
		<EGDC_3D_LIGHT a="0" r="255" g="255" b="255" />
		<EGDC_3D_FACE a="0" r="255" g="255" b="255" />
		<EGDC_3D_HIGH_LIGHT a="0" r="255" g="255" b="255" />
		<EGDC_ACTIVE_BORDER a="255" r="17" g="17" b="61" />
		<EGDC_ACTIVE_CAPTION a="255" r="255" g="255" b="255" />
		<EGDC_APP_WORKSPACE a="255" r="0" g="0" b="0" />
		<EGDC_BUTTON_TEXT a="255" r="255" g="255" b="255" />
		<EGDC_GRAY_TEXT a="255" r="220" g="220" b="220" />
		<EGDC_HIGH_LIGHT a="150" r="255" g="255" b="255" />
		<EGDC_HIGH_LIGHT_TEXT a="255" r="10" g="10" b="10" />
		<EGDC_INACTIVE_BORDER a="16" r="0" g="0" b="0" />
		<EGDC_INACTIVE_CAPTION a="255" r="255" g="255" b="255" />
		<EGDC_TOOLTIP a="255" r="255" g="0" b="0" />
		<EGDC_TOOLTIP_BACKGROUND a="96" r="17" g="17" b="61" />
		<EGDC_SCROLLBAR a="150" r="255" g="255" b="255" />
		<EGDC_WINDOW a="255" r="0" g="0" b="57" />
		<EGDC_WINDOW_SYMBOL a="255" r="255" g="255" b="255" />
		<EGDC_ICON a="255" r="255" g="0" b="0" />
		<EGDC_ICON_HIGH_LIGHT a="255" r="255" g="0" b="0" />
		<EGDC_GRAY_WINDOW_SYMBOL a="255" r="183" g="183" b="245" /><!-- Changes the color for the arrows in dropdown menus-->
		<EGDC_EDITABLE a="96" r="4" g="95" b="106" /><!-- Changes the color for the search boxes while they are available to accept text-->
		<EGDC_GRAY_EDITABLE a="96" r="90" g="90" b="90" /><!-- Changes the color for the search boxes while they are disabled-->
		<EGDC_FOCUSED_EDITABLE a="255" r="4" g="95" b="106" /><!-- Changes the color for the search boxes when they are enabled [when you click on them]-->
	</Global>
</Skin>
